summonerName,accountId,nChamps
바보상단,pqJAddD9dIYmBHT30lGvoX3_3mKE5h7CInX8VGZ00El9zkI,
egwerhrgdfb,8D9om3mtriv7clhBk5vN_PpGHT8OYo1-A82Dccu2TRSHL7tPH0hy7U8c,
다섯 개의 가면,FuuuUVRItgZW9GrD5-H4GeRdVs6z4zc7vNSRP7MTwDRbs2pMNNfACV0H,
새벽밤공기밤하늘,EV0TKLkamodqrHKCKNx84cPTvA2JyIbJSmpqrMPAuyR7mpQ,
postersontwall,_DkzsMBml96zv_9qU2m_tAarqiqcMUa4ikUtFePcasLANU7gi4u7l4Zm,
데아시두스이어링,wutjMTQ-svBMPfhAeMvLltpxUS_XFsupQjbRl1-8YJPVteCTSV_KoqId,
kimchi warrior12,Hcy_QEXmSruFbgQx-uyRK2SlITgU6tf0a8Ifz62C8tFnAyAqN3w1CSuh,
xiaguang,C1gRht__dvdExB9lAaE71t1xqhSvVx9itWKl-sTdfpgqgM2r_RkemYma,
An Everglow,Nx0wCQw-pGqwxtooahFE4zOxYa5vWlJzQtJKbOFZ3R1M2shuFUyB89db,
asdashgawas,GYW3XXD4Es_0mbIDYzL1G5uE8VUYA66sf_g1AkN5Iipm,
ja1L,F1Ye-0GBSGLukfUNOp-1gwpnd9RSMK8z5ABqryFSgGruPBaliZko5ru6,
오동1,Fpjv_ev9aEJ1iazAeYYr9havhtciff419c8xJEdaxq2sI1ztBoWWvS3f,
BRO Delight,Xe153U2CR_6pUERtPC7bpUdA4N6uO0Qw_SDEwEV0e3WmUt_jO5oXeL5C,
YM TOP,8Zxe7yGz97VoGahVNd1a_--kb7AFarY5tEF3tFdnVz_v_Sl54qvct3IC,
Shirakami Fubuk1,ZgujcDr99IGpyWYBxfOhxcBbQOAGA2NC0nd36sfkbfsGeQ60R8v8qM-V,
uyjgrthdfhgdh,yzpZUtNrHgbmojrUaUGkLWmYwZmiQMobpTaMIACb75bEWVTZZmvMGq-Z,
invest for me,wQroc1nQvMzFU-fjS2zZiU0-ec_C1DDcuwH3c3f7pzfhMpfCzvajDPeq,
쿠 리,2y19E6jsadF44P-YoYdHfUDuYZ6b025CdePYJyEc8AHRL8xv6CiZV_El,
Not weak,Vviyp1C2ttEpnVVAwxGoIT6jQos4tnasnmZGxaWCJz_20mIdE01zAjNU,
BRO Hoya,-A-ZTWXEXAMwP-omzDqQLKN4qqehf_hHMQNJroV_J1-8ck8,
xinren,JQgrmlh8BJIOcvfVEqqd0XOojVIKBiOmfGeW0FV_ova2vMI,
AKASD,4-LXTkegHIBePdm6sbm_fbLrnYsgGRL8VBCTRxmQy707cBxsMkLczjK9,
IRELKlNG,LS_oirYxQScfJsjFc4ncPXYGNAOu97wrXK0_8PveJvDFK7lYJuPjZeJL,
supsupsupspspsp,mH6fmxTOGRcNZnmqW4cvdWcZlQ9Ou17yMorWI0e5KZMUJZ3FHTotI8tb,
T1 Gumayusi,Rwx0YGRTK01oHNyMGDcQPbBDvlvqv0WexpOq2x6Mu08bHDI,
yurigaokaa,x4hMa38wQJt8BrktnLpNZGZ-ywWp-Dql9W5NCpT1oKBahWc,
EDGY Swamp,yDywe_j97IF5zD5az4UCppFhFsxauKIpVwSHrrMHzOh0iD0,
happyyyyyy,AIorhllk8FHUkjorFWrJvlPuGa3mlzw2OyT-Psv08GsyVwlovS4qEOVn,
Liiv Cruiser,pOoWyf3bqkmwpOvityykzusuRAZ1dVFbMi3sOXI3hdA8hUM,
이 차가 식기전에,0VveOYYkXh2hhKk9M483m9C0PCp8aBWv18RTwE56zfc-D0k,
TwitchTV 지미,Rd1XCBPXJ7sb1AFFO8u1rvEUsBNyqySRAixN8VzZDZJjUK8Fi3dBHtWp,
강 주연,gwIr-SB5X_cjjf5AdfDpk6rkUzKYJjtjgafuHlY8NXBcX8E_Abs8Tgii,
튀자튀자아,vTYjPXbToHnNtHqt4W5x5oqfCapbFr2bzG05ihhRbArKAjk,
챌딱콩,JdMNzFlwqGJvL4_dGsh73foGi0Ofz_GOmuglT--xin-J,
Pnpm,e0jAoNk3sEBrNpKdi2r6ZOZKSKH8BVchBJZmbtttvIj2oaxMIJQfruIr,
EIderwood Azir,6XSDncTC4Dpw7ZatBHfWP1XQP3SoEF2HBztKywIdD98kEdg,
1xn,XKZhGVgk3eOo2hfhymWK-qO2wa4DGngPqO6AkFJl38PWPB8EX-rUFPaz,
River9,RcwxrB7Xv0IhKzFKhFkT_qrioRIOYLrhismNVHVom40lPVffl_TJpMDr,
mofu weizhen,c0MooxYVlzatxY8fRYNmj_KXIbZfI22BG4ObexXOXTfYw46h2JtfHZRo,
FA2001,H8JVjyxFsgYsnVg-aTTZ2ZVqB8synrfm5waCx0xKJrhKW-MaOivmpgT-,
래 뚜,BFNEElt6E7WFhQUEWB8AXAT9z62yIBZNn2ZzT1pL5-kvl9M,
BRO Yaharong,E9lpa-KIGdxJ-fv7GzWpO8lR1JOGXRff4Zv2LW7uiTdazZU,
재훈이의 모함,yy0zbdqf5H4Est6IaznPuQDey9iNoiwBTzLLe3CvX5gCk_JEuuwghs2r,
gongjianshou98,m_g8dSZHBvyRU7aC7cv2F7rgrtPC1y05j0MPYds8rwwI,
못할 때도 있지,84QgyoR6lbavvTh0Kq_4Z6EZtSc6XY0XaI1cOTKv2AC_rkwLh8sJelWb,
See u AG,WrzaiWQDtnVQUrf3BH6y8tasdf0PwWz06hwle_w0Z_F16Y4,
Twitch하얗고예쁨,Ms4O0p7pbo7lZ9NVrIy_R9JPmzRbpfIfP7FOVcFVNi7sZXKhf03aFBUh,
스물다섯번째밤,UKhK6WP7nBnIPuINX3TU-K1-lo-etgBbYtpAMO7wzJDaEJiVOXBxvk2l,
taihaoIe,SfZa02SpU9-HdnfPgUjjkgQ_AkCevLRgB2H2R3pyyQ7B,
Fox B Cookie,G4-lBf8xuRCE6W8OaKyTuVcVX9EYTF2DRKfPmbHyXU4ZhuQbtLmJ7iOj,
사랑하지 않아,rqGVtu_9NcUOvsi0J5VTDV93SmYfe7EjjBNrUk2B4tRENYM,
FA BaeKHo,lYoReXjkWUCOc5MIqMrSGaWrThgKZRc0gcRnNZwwZ7pR-cGkS1kRQ4DU,
Shadow vlade,Fv4VviemNCpeZKlLa0kLTDF4ww86q9FExK-55aDachngQJU,
daikouzhao,j7i0fF1RFFBKBSHDyF8bOjuSZensCJLXrQpi9m0U9CFAdbzsEmLB-grA,
속죄 하겠습니다,l53fvhlxyzCp1eZWvVldi4HjnTaqg5FDf1IPEDk2x_eAoOmnj5CpLJay,
sa xi bu li dana,E_c2RYtqnuSUjFhPkKBmB2xURLjFyYmnAaWqM6-hBAWuoXAgqGgzkmmM,
정훈이의 모험,S32XGWWSaYCDYQsWwt4bJDhxaKOaF2o7ADCWd0n4wAhq8v8,
Hidere,SncdNlUbmvTkTUOUR1MT1FYY8_g_Fv1LCMFZpGmvJ7qVANNRraQtOmZh,
중년의 활력,bPjYNyEpDgXUwUGp0dpJ4huPxurH5aiG2I2gk66Bu8GDL7IXaKdJUIqa,
Iove galio,XjuQ106QdZpxcw_8xVwwDsf8fWnTTwNTkm4t_V7DT33g,
이 V,9S4xkBZpoH0Jg6D1ZHWk95350K-d2w-eTn1ntWFanYuYMEd1LJcoY0W9,
바보상단 이현,SjRzn1F9WAW8-QEspSPBBrUQihvRuoRVaXGoAccHtr13,
스파클링1,CeWiBj0Y-NKs8j0wANA5foeUnSNmGd5MkENVJDZs5jMJMv8,
sopho1,m67CKTCYwNmjiiRJv7omjUk9ccn4l_p82Dh_9eRTerQqC2H29aQyhEPX,
Gen G Clid,qnUirB72vsDAyyHuXngS4go4TGPs9SmrM-CfjYD4zuOXUBE,
Lan ting xu,XmxV2E8NLUEzvFgk9I_wYdooinbcmIaQfpeJzE8oK7c9Yizqu0vStNIT,
샤코대장노령진,N77_z-RXWpJxSUzJwYaCKIX7UVpuu8qnmHo_3I44FpPNISU4qpv-M3cH,
PhasedKiller,4PIBVGMxsvVlZkg9BbazRkAzRImFFsV4TbI2X9D8j3U,
11년째롤하는틀딱,xqwoEcIBNNQ_dkDgZU4AOKBclppm3HYC1r46BxRy8bI,
무지성풀캠좀그만,DifLYaTcZmgiazshRe4Qcsy_VkUPtwuCTkHE2hwNe6rGWF1c2hsOcmOC,
세상은 이렇다,qoXsy5R71K9zi0cD8POyhL0t4dr_7d4ntXTzU40JO6eTCtYxrKnGHKg2,
Liiv OnFleek,qK3vx0iJH4omAxEWCgZRrIyVpPl1dmZLRjLjw6cFfCwbfME,
서 두 르 지 마라,cLUwuix4HjN5XA3FBrzSDkRYr3Tg33Bw2I8OQ-aHi0jfByD1D7Ja19iK,
cvxnblkwerio,UhOExDQQBf_bIINTQkSYwE7ZqsPoHI2nIRJtR6i3440SW2sXIxaHlVrM,
T1 Keria,M-ZstCvKtQMzi4IxDRW0L7XvN68vYIMlWNlwRUNzAYgerG4,
shenzhenshaoye,QYiUd1ot8lN1hOaajKwdHPon-9DHrN5FuErrf0mQgDKpccvsKeXCwai7,
Honpi,zMJ34TdPq0iITawMV-0Sqza86pbyZZuSyl9ouDhdFqY1cwc8PZUsg2gx,
멘탈잡자으쌰으쌰,pdHi55eps74VIUBrM8bp-7sfNf9WHOT57Gz3uc1kmH_5B-o,
18세 기모진,9hNGDWn3II_dxrqLrMfgdePGuEx000I6j1NXl0oxBzT7jtQfVZif74b9,
yao yuan de ta,yUErBcuA8vnYcgJ6P6DysO_xVg1wp1YhH3Dq18rGj3700pchXvQZqoZt,
Talkingshlt,WeJg3AWpMkOsaYl53m72G-s4_PLDRq_mrsm-82W7erXUTombwLTZt84G,
치코짱946,nPJdCXTLnFfgUYbtqEChGOpSNaOy8IRJDn4R6EIda47Qu06bC42k360K,
FA MlD,3edc4jPjpLAZpACfccDfpM01hnV05VvCcGavXoDJ6q0Da121gau_k5GN,
쿠자니자니,QLIwW3DEEGMW7V7AaNbT9smGUIGzXiM_0YirHQFYQAu3rD711rx-xHzi,
Mitsuki,1qa-XS_g9ARls5TVA_S6LQnL5zkGZ9X8mzVmBPP3NLK0BTmABqXkrTzu,
Dn1,lR8TPRBbFZWMktq4jFGYxL5U7HkuI8omizH-r9dVUAU-ACU,
Gen G Karis,Yb0uRc1Y4bKaubipeTHQPVkv2sySRTieFe2aN1zMHiiGjA2Wv-Ue6YHL,
포식자,yueo1tvgOQx69HTglLJJHX382DFK9hn1cyj7_IOkwChy6IE,
BRO Roamer,nMVejxLJ8oovY_5s-Q7MbdjvDenXXnfixEnyQQX1cKMURmM,
ndbg,R62iU6AuJhjpiciAcV1expiNiqycRKZfjb1i5vRWit1l0b8miat01k4n,
Gen G Peyz,qP7fSSnpwHPa7T9XmppOIlbod97n3HdBnGnIfCCCWlfDhvkiXPqxNyPJ,
사람들은 차가워,lX5Kq96QGO_WuCJI85HN7lcg-c_L_tEhkI0OixTFBKdgjv8Lq2rDebxQ,
난 이제 악마다,_RasvMMubFHir9_U-rk7-P46hRTZXM9AVD7rtagkms9hFLF64qA21XeH,
Poxu,mHjZvAEGNajoesPupClM-szAy9uhvRKYLHqgtQPsojTG-cg,
간다라쿤다,edo_q9SVYlysEbGfgC8eC1yIxPxgzbN0pdcINb1IfvCgZkc,
sickomode0,pq0bPhbYOjo0tkPsWv2RrnR_66vceMr8CP8cOHTL0o4g3npGNKPj1xRW,
푹 쉬면서 해요 ,u6D1D3Apv20WxpBtW5cC6EN7AJNVCZorBqd2Vafchf-2EQA_HmWKMdQX,
지으자닉네임,EED_KIxRJcdm67tDagBec4SWCgm6hy9vh2dpIWeA1HQwW0ARsBsm6p89,
Ta shi,3ZrSumrjDDVQrBgnxWejBbS-xA2BCPWGsUp4Y-c-m5NQa-ZVzSLRRlBt,
vcsa,PV2DO7VJKMLKcm2Tc_S9VaZFESZoqzq5ep4D9759SYZ3C1Std3ZiHzfG,
Octopus1,be0U5cgCNajteeNYt88WwBCoSkZnIFUXBFP1i348NfnXyslgz6XjtoIL,
T1 Berserker,UCvrwO5ZqSIjWOsIqcvdnXVChS6zB_w48qhVm93XJjxFjaO65V-OJy3C,
RIP20201231,YmbLqRoWsnjI4XHCJoTIlJFnIL3bxm9w8yMXO1JgqYr3AF4,
tcdmssdg,Fd4htXJT90tcwGVomQ7kXL2rP1T38EcQukUG8hyugl0CZRpJiS1jkD-V,
I dont deserve,1cPNGY79X0dFI2gdN7WLQmBdFGZj9yTC9Q4QyNTTBb3uKHi4ADeIncHb,
15 March,ftLV6mUzRy2fjYp6mtMQgPCmdcybB8aedvatyUDn5uUFc8I,
Gen G Quid,Gxfmg-NgefzYzwxYnKNFZix1BCU2Pe2cvBGxxSEPuFHuVMmxYtK87JXe,
Let me sup,TRXJD5zNoeZFJ4dMDVx2AIZxVyrBxvuQV_mdQPF7HJqqO6Q,
신기한 개,_RXt0Eua34z_pl-tPVzju7qnlz49KShCkLvsb8ct-VNSQHVnKxUQNYL0,
DoRun,Iz64IbceQbVCvhQwOyNgJ1dZLfRcgCmjaZMLONnJuvb4dg0,
탑 혜지,EgFpoaWYaHnrp-40SK9IOTHJITWytWQiNDU7aQ3sZA3c,
도 일,Vxl1DGcqXR8SWawCebBleBfjFtpK4z_1vaYhhppHYcxomGMlsEdR9CCd,
두두두dadada,eZO7anWerjm6xXFPL_vOZavbS9wOTCo0Fh-HbSDh3ACtV4ZGDPv75dZ9,
SPOONKING,4Yw5yMtOLhQdkBoUW1yd6T8LW29UvR3dv1lJ0BvFI1PRaG2bakNmB13x,
hope1,7lWMTaAcs6wRmJ4Q9qsZKRL5DwTp6RBcLrXKAFfPx9Qj8ivE6GQt_P01,
ecnahC,6RqL2Y59S_tX14lw2FsyTOyiz5Nhx1shnxpzruDgAVYwkD0,
나는이기싶,qKvg7LqWqmLsOPLLONF6UY4gwqgqm8N-ytNTsKwBh9LK-xIDPBtJ6xN0,
Destiny,dSUB1IVTZXUH4pzXP1U5nQFaXsQtoGGqYthtHj7TaOCJheo,
IgNar,LHLV5_5ZmbRvFPHOIhL8k7_vLe8VRWOt8124_LARBlaa,
미북이,IseJaHAQSBYu7N-X3jBdo1u1OcDpxIXMlagLXg_VDjFUfqM,
Gen G Rascal,3hXu4dX1z1xsPME4oHlhUUDZTjnVROzDzmWzKeIZFUmQ-9I,
bcaaaaa,WN1i_hA6bWc0e10g4-vGILHIHQn9J_JMJFLk1fwteVYNrb_-g2aH093y,
guliduiyou,l3HIrKG_ulCfxf4DTNNXxM1PgtpHScEG-5maLotx-f-yEXuGVyU2r1Sv,
AF Le5,AEwlfKqTtsbeVx_98_xJho5AkHj4UbAAT1zJMQrKpAnjKck,
쪼렙이다말로하자,uAauCAxPQEOGqIASw4Cmo4C3pak69F_jO1vM9VBGoizN,
FA viod,PKLyWC9PvYO771vo6EKOYnuFkVp1MPr2qIwuMPp4TLoOS6c,
axczsdasd,RlxQtBvsYrs_7GRrjmgN25e3ATUXQH6bzCLzmkHH9peScjU,
long yan jing yi,xgz2NMoSfLIKpIC8lmyY-jclh23CoPgDnw9lT6aKNG_y5zSH3raxf01S,
zpdlxl gkvm,Ady1OVO53uIiFrgwoCHyD09O2psiOMZSv0889LPcT3EUaAdTSHmo0H1j,
Emilia tan,I-Eb55t56gVZb5KJGzJLVLBdYcc8p_IyWMmYpDLKS9h_Hq4,
월석싸개,v5WpWsy84BgIJ924qCXvXTsrqF-_X_FFlphGxW6FA9g4F5p4yr8y1-hE,
20171215,DFIIGEpJ-ZH93kxGiCB1wX2i5iHksZlkZjgtJqwTVmyCOy3-LuBBuA2_,
ICHIGO ICHIEN,-RwHt3aJ2xHBg9pEJrUCW0vyd6Gc8tUYN4CVpUKixv0l6YQ,
G4MBLEER,TTy55iap7VlQyqBaOfs4JikdfegJ2GG3iGyBkMaP8MtUcCs,
No longer love,WFGFfCXOE2USA_5LxshtAaPcrLtbEFUzSGfn8g2i9FLs,
Liiv Croco,B4Vc7PYrtN5sXhhq-oRZ79fRDc2tXfl7p3dpIf6sD9OcShc,
타 잔,bgl0j0ysa96MLXJ-twn5ohYtAGrgVbeFnh-CHh5WKRcpohM,
주문력상승,brC0wSA8C7doR3VGAFN-4Hm-mV4qnJEzdSxqGclQrMom51JRpT5EsX_I,
별사탕이좋아요,EKoo5jXafRNdsDPAUHlYel8hhBnoh7wTzkcadqsb1Jr0-5s,
방종하다,E8if92xNeD8N9FEIGP2BMR3g2bblTZeRnHF2cCBn9IVpkN1ifZ_26eTP,
BRO Hena,Dymb8E1bSHHDhYlEtRI-z_Lp8Yktb9jcHFCFzGBm2OXVtHM,
Gen G Khael,a1LsQv_UtyVjK5nD3cDnxqxaxRCwIS0oirKIz6EXDrsxtVFqJUp21W-5,
DRX Piero,Q1tr0xCzTss4d8pPe5f1QEGgOz32iae-Q1j0ABGM0gzJTKLJDed_pO5-,
나는 준일하다,6wboPBVKFeAf8gOl5M2CE-T8mryUv01hv7MZ6LcbNIAaERvRFhNqk-HW,
AF Minit,K1cQC8SaexAtbEzZxgyqP2qIiqrIvwaGfz7ySDQsOWGxTF8,
Liiv Summit,87QP50Ayk5z6NI_MwkLy0mAnPks9y0xBW4IVBIefut8K8rw,
Juhana,B-5rUZBt-GLpURIB57Dgc7OgXtWGB_pGubb5t-UzFHdtk_cCcHFbKyvD,
Faime,RGfVHmq-KnylYdwkk0ub_z0GYfnXClqiX6ySYYllcB_-HNY00XF0_Bwu,
xiuluoshen1,l4FeUwollmAZDTdrZNNR5MF5w98scQ7zgxTz-RQJmp6vF-bmj73wMsKP,
hanashikakenaide,ul4uFGdWwL-amRVMkChritJVCO8K6a-TVvn3As9RC_I53e0,
죽이고 싶다1,STs5ZXSzTxnAzxkU55BAWGt88fkZvZ_bqH53v35YZyI3B9_kkv49LxXs,
죽다 고요히,FcHhkcasH6x3msf9M372lIhbMYNxMB5ULa8G8UGVP5_F9Rw,
안녕 맬,c-wxE7eGlb-054b1FopSzykjxzQU4Ce9hzokO9XsL8sxlGs,
beccazz,h8J3vh4L2V5zg2o8bV5gNeTZWwsspfXkQv8iCUve8fXjx0r8DSRxKdz1,
우또기,4CEZpO8u_5Mv5ylhNYaH2_ig_WvgHlype7LL032KXvEZVKM,
Boasortecontigo,enwiIvRMN7Iq0Zqv1IMlTmmTfETb44BoJiIjDe_h2GnovnepwwtM1xT9,
viper3,z_knuGY73romtw3izM5GC-u7hyzVgk-D2rKcfGgfhqw7oDc,
vivre now,_2oevZPynp-eb6cfZCshN06TcBKf7nrS13a5xHZNEdagUKt8h0XshccS,
hui qi,wcm5bkHPP9upuu3v352X_1MmrPyYeHlPI0Ui4MCq74X-sYPypNDvqeHS,
Gen G Burdol,pVCp9rojPbAg55oGERr5D2k8IxrW35P6eL3RVHpF_r5QZhg,
복실복실 태윤,E3w7W2xL3JgEvJNJbWYAvP8SIqmkUt_rrljPWW3xj2x3JsQHTbO5_oTF,
Ysbeol,pQODdEerVMzj_wvymHRwLtAXJv0lC8JQOCf08TRfgn0swhqCjO4s3BQd,
서프라이즈데이,UnJG2IcKkDGglW2X2-n2pnKkpbD6GgBIqv0b0CvlLgZ9QTs,
외길인생 샤코,hCllA4usOcWx3bKSYNAXcuvtk5uft0VDBRPlfTFCqfjm,
T1 Ellim,OwPWROM_ZPtfUPIMxtEtOIltNaMX9t7PsRP0Qj1u0DQ3pqQ,
팀개못하면누누함,-xB_MXS-9fwYH9KaVj9zY2tLvn74K4RVBKpwl7_uNPpF2NBGrQAtM68s,
은하박사,5Pv4qHlHEHdjVtjWTjQsr1eeZ1oFoJrFdCVutwUPMsAa_GjsOpGDY9fv,
담원기아김동하,j8od4VGgVH3188lifztcMimPEUJOp2llOL_SBfB32p4f1DF547k8bZk2,
T1 Roach,b0xaiX_MT0ah5nQjunwk8b0GaK-19Ru0KCHmJO2cAsUa,
mm7m,FYTPI8Lmmrpaqi20fyeQkPMiZdWba2aika-cXlQXcI5cQdjt7bTK9ndL,
iilllililililill,Ji6MXS53efQ195QFs99rY41aIXmTqa_1tca858r9f7mQJi4,
blibli huacheng,o0S5wwu19MPfuGAkGtN4J89mFjvqYzWd-N7ZyaXBf6yYKF-V36_SnOk7,
dcybb,ZA4-SB--rUdD6g0AjbOk4OrdVM97aFLO3dP49UdFaGMYJek1E5OUQkyx,
전광진1,mahc6l9jTpBPmzBj9OmpvuG43AZG3feNVpBDprO6JuwxsTgb6Kx_Roj8,
KT Way,OFZ6kpyCFDNw_AgV5u3QqqRIDPUJG6dNHLEmZLkSwjnV3M8,
Yorick,E9NoZwHYMTWHH627MiL-_3LvrTjVo0K235AQuskNqQ6eLeU,
혼자 온 세상,61wfbHK28Lu6Xr2nWXTKDcRsTkFSp9dy3kZcBnwUqUWh9T4P2aW2uFdJ,
어리고싶다,5SPs6Iuv-aftG7ne0dgUBk-Y7K6Y4nOitOlT8KJgF3cQBt-ns9zfFT0v,
biechibiech1,4A6nSBlvgZYhLg6hdTewkTHajNQiGI2mhPBZz4JZKnAqhQw-8--RQuKO,
서폿 다솜,JKl5rIk2KelPIholhcE9GQlmgImY6xge4MX41PQYQpum5-g5cCFiVEfr,
교육잘받은도구,-lH9e3Ce_3tTSHTD0u2UHQCmZRTrY4soGSu1UTuHlgklDwo,
PowderSn0w,2No_zDdfs4ibhDe9aoy1BuhRmOSy3ANi51Q3b4g2633S,
에이미 리아,dld0kw75tUe-EUFK5yrTSEo89cEopnmtMd6INm-86vutUZBg3UhOEBdc,
xiangtaosensei,3ZxG8T_9hoBuXPiqh0k_Rg5_QGvjtMMXAJKx4gXX6S4,
고등학생,olexhaBCs0F-W1geLTr9O6yyB74mUMZ3_JE-MnRnMEP56c4,
niranimag,mehDnQUnHMBamtBe993Z3wPGmpCejL3Ukpf2gj-IszwMsIVKPceB69Is,
CCrazy,_MXJDBFN69lGiMfstXnLCYamTMPsv5kZfejfu0cw4rIK,
Bzhan Kejunda,jbIIX295zcPdKgQfbmbmM1qzENlUMRSWzhR58l4KKvtURFnybXtpvJEu,
DRX Decky,V3cFckFDHfbFYrNtEBok3qus21bFFBCIgIgRhhyNjlzC3Q8,
dpsdptmqnf,Bld4MTZQDzRJKyr82i5Hl-4dxgJVWeUD2LN9qRuRNS1cncs,
코알라는 작다,rYGFDk2OH3mtsESy7oSh9tEb48rWbEDvfKi0VplVDqgNGlKsWUGag4O9,
크림몬,YpGkfUSJA_QfuAJqKZAeTmzlYfCt2sRIHxqQ7eX1sxKGmcY,
손연우 남편,BL5k021Ck_SuaTzTLleMyvuOCWDob2YAOl20wRcrtURW,
KT Rebel,NpedSSyOUL-pD2tUVr0uVtsbUMJuZauN0Jq-R9Sl16EB5A4,
HLE Morgan1,zFdNRq2OtsuGrmTrFn2ugbbcD-B2LsqE7OjKfABFg-y-tbE,
IlIiillIiiI,Wyu1_oY-g2xvdDjlE9WrgRXuq1HXvWf5lYF0bHRjozsdRu4,
98 Haru,KwExeh_Mhz6Vk_ikDyXvx9bROqRdbuQNL9CArkyj2mk9mSw,
당근채찍맛무야호,f2dWpZAyIVeynxR0YUoEcWlIKzlp5X32DpJaQ2KVVYbTjaY,
Losing Sight,XeofdHsXcXkXHLRyyUONmBueXynaQjS9FlVL600cWIHa-nNG5I2F-COz,
엉덩국 갱승제로,E7ri23NVOld0Y7hku7a13diywoALctnITgSQXbzu6-Yw,
chuanpancidehuli,gk41i-Gy3-ouL8VCseEZu3Z-0CSVRe16739sWQTXmw2cBNT_jFyzgDU9,
새끼돼지한마리,HGg-mCsfElv3GEWfwnOHepbmZBc1TLA4eoHudD6jVReIaWuzk_yz0bcN,
xiaochaomeng,h3jZj89EyzyhC72aqC4gewuOpGaa_VWAQl3c7eCzRhuh3LPji7a6vdFo,
dnwp,b5ParWM4dPzRWt1muPXUEbCQiI2wYKcaHe9CbHc5CjDGl5HgDiNkhBmf,
트위치 라쿤99,-2xnbJB69P6RGY3jjDKOFhHatiCirNSeoJbDDjxjjKXjYYs,
Shadow Nia,5JbCheL5R3rWCnJfOiSBSYCfwc5XHem7sOKGwTbZ6Gjl,
lnsane my life,_cHtHYWug-ZjkPOkIoRDHiyFnldOFT3oXbccHb4Or5C3gM8,
서폿있음,xcOddyPEy06hzjPD0Au8Y_7R56e3ocrT-b8rHwyUzPc7GGxzZ0AcCxCS,
Rumor,4tX8nQtIiFYDJQEFK3AaA-6PTMCvnpBM0FKiCisJVqsxneHyxoeeScOx,
쌍둥이그림자모험,G7erq209KZn1AAuyJjP4tYpoIe2hHSBEmIBswSdPYcbhjEQ,
Luv Letterr,VFHL-1meBSL3epkbzLCeJuBOZOizoje7ta1IzSNU7dy5ILCYsfDMUne6,
wu guan feng yue,OgZRN8mXyidQ8P0aYt1bvnCT2ijk9ObR2ixM9E1EtmqK7FZuNPQpeUUL,
칼과 창 방패,_ALpgcfb0L0Zor02RIKu7suLM5qFj15HYCFsIHFwcf5w7ww,
CAN WlN CAN WlN,0gE3L8GGmbUP-W3wB8ASzEhVzQRJNgt1FsXIAw8uE8x4Xz4k8td08hZ4,
HLE Deft1,50vV3O5YckNFLfcFmqdLxRiCc-0eAWuxx9KuYsasVDCkxjw,
shuoIezaijian,PP5mEYxRGXtsTjSTTBTxBXrJCwNuxumXg2PkfOTe1i9VQ8f6ne_jzvHI,
Liiv Effort,4rC1GNDfuH7VSTMhj2wq6teeF3U6s9o2ox3YNaF7NOHX_gs,
V스타,RhP0u2IzVbN89yZleNNMON33Dwm3ED8IS8kyQJcCshNpgx4,
duibuqiman,dfqz0jmhNWITu5voatzZH4ohy7IzYh7QInMXAJA6yPQzYH1HjboE1bMj,
DYU  wjc,q_kuNWFVmKsvsQAGypcEfq9HCC57dwRGtcBWfjyxN4NOZtRU1PegnkSd,
KT Dove,A4MK2FI26lBv_8F3AT8vYnD2ESqBUZU8Nly1G-00QYAjhPc,
xxxxxxx1,ipsu7YLi5njwK7LinSlDqlrWlcjno5b4wwUWey9SR-hWuu4,
imD1pig,-Ajl5OeHEF-rzDWIBouB3MsVwBDJ5Pti34L9DHpbu6nusZQW7UDb0lIx,
gucheng,uIV2jZvRuqwt8JKYGKIItzDMasdyFYBqr1hcz0xbmxMeWjjKmLQJJPvc,
탑 팁,b6BnO9hgbnKyFHPpEpBWRtPDEnuOO2ZC38d5VTmcaEyFDY7TtZ1YxwBu,
KT H4rp,SqULWN5oGC3vR-yjW8xhuhok-rBrwxV0DmaDmDKciUxT7Kyxt5IQpKkJ,
asddasadsasd,_g3Ynef54K1w6TQxJA4Ur6xdYjyP_eBNW10yfBe-bq396sw,
xiaomingaa,ykP9Qua0TgXvl7aebsx19cm8EeEIPBIDjzWlFzYBSARXiZ5vYdTCyOqY,
헤 돈,58r8O5xogY_zxYvOoSrR9Kfy2gN7tPCCKMOBrCb08ChpFRE,
윤용호,jbvl-vsKtg0RQ2nq-lix-OjDB1E86R7VcG1B-4a7glcSzaA,
굉천광뢰 허무도,UFcaW-RNepHX1gH9POswRwBdUHxE3A8r-UOaAPHZNU9MRmw,
은가뉴,U6N_E8NuKvS8hhJyhkYgG0iAPvqqy_SbXTkY1ZDRy6ho43w,
Dangxin ganmao,AzL8AnIslTxO0PAwgCXu-1xS5TFD6KZNyw4vQEySKsEFowA,
Jefl,KoN3Gz5PdUYiLXRVIMIpj68hwpwp55Hox0N_uwJAQRIwjiE,
Small문어,0sRqsxcpdmM7ZVX0zZ6fjk962APYeKB8UCLQqOnX-2TrDWE,
zzzusss,P3MdSRCouCLkiBDl5tzPoamkUq2i5_yaSbZu1rFQ85KkhV0,
T1 F0rest,QoWjAner33N8QC4f4OlrlF6FEOi54amOcVoJS_j59xuG0ncnljpMI2Iw,
latuifipai,0f9_gpoUmVbg7Tv4-lWakxcm84vPmTS8BzDIojKSDCMqHPs,
tes 740565123,1K3rCwVqgrhys48K6-6YW0fTK0YWf1t24XP-ny4ede-8fQKJwaOS2xxl,
백 쿠,Z6ttucNlxLe9lZr5m12pHeroJeGofXytV0ZE1IRA8wGm_KopqxSlr935,
NS Sylvie,5cX0w6MnBykUDvjtv5hnZ8naRX4t5t9JzWJ1o0YRMZt9Bpz2HJFjXao1,
happy   game ,n8TAnDBy1NlWAI4Scg7bY8lFLjNhTeQ4V0B382frD_6i97U,
죡같네1,jdoaOSySn80IjTV35H9DZ535eF4uZm3zwFl3dXSVOGP3,
bai gei,N1QWu4D0uvZpjJy3YOhSL7l79jb9nu5oj8kmvnAs8Ym-0Sx4lpG1H8je,
cexk1lng,Blkmk1q80aoFgtJtE1ef1wwUZ3UvzrB3nThM0VYC8VYAdXs,
98K,4hb7HVyKL93Nk4pBnPn54A3b1Oect0gveoMTv472Zq5hqKvduGP7FAta,
BABYLIGHTMYFIRE,otx-bDEo95PDyDA8WtndSwsQjgJ5jSDmcTS7T__b53IX9_MkLIzUqGtC,
lose jug,6G1Iw5NOFJaRNLRVCGl_3zwn-UTYR6Fa3FALDAYyhtyCQ-xLQ52Ox0Tl,
원딜은무기력하다,c-XL80F_B8m4kU2eHHE4F6L1ywWv-YX4QBNCD73q02z_SvM,
그아아아아아악,R6UFKLJaRezna272JGB-AG1unv0dMQGJ6-wyq3pwkY6U_dGz5CELhIc9,
jkjkjkjkk,TOBfif5iTjuDQyNXvYwOekGFVgBn_4cNGEpKJyPHuRcOb0o,
킹 갓 황 샘,nN7vk7VDZ5RtyDs4riJ7V_GD1yovaXpF9orhnSLCS9og,
yqyx,De0s5A-_6OBPb7nKQxFfcj-SrGV7o5rCUjbkbpJoZnWXqb1zEXEMvVJK,
Gen G ToongE,VxUJ7S0JH5hyynxjCvapYsMrQRRV7AeoHWu80BRNhbT-qSI,
mznzhtfkbjlxkl,UHzyDcyEMdN2sbwy9KuNfVc9tleV2SJlTt5QH4ZBjMdYN4LNxzYCE90O,
KT Castle,PLqVllc8eeRk1apk1JVy6l9GB-tYeXrTmFhbktaUSws-CSA,
wanfeng,mA2Q9t-fNLA7JFUvWS-fmDwon7YX1uLAJgc3yq9PnUYmyfVziFs1Y6Tb,
나라카일,bN6F0heH8hR1Bw9y09mnRhXOYxAaDrpfXVs3l0rRQj6KSJA,
수형아,8jeMCB3jyza8FbGvLaEPvV2TsFSOqW1QtncdYrh2TnF56tBDbDDUClFP,
서렌누르면대충함,dyu2a3z-xcQqLDAdfD9Mx72BPqdKq72QdidGZOMsexBywQparRUrtFCo,
i hate coward,1MMwuNXZNW6Mwyj4mnCpaYlX1WGaA76n77m39UNI8wFAWNo,
곽곽보성,KBFC3HhXwrI_giZKfT3u6eUZIDXgTENuRs2Pu5tKzKAjVfU,
huntiandi1,Qch6D1bl3DIqNZQLp6-04Q8optRCw2QLvkxRZ9sTrmmTxRvRxONCq0C2,
원딜 왕자 이채환,1X-XE2CRIDs4XaIBfO4wDoy3d2SYAPc37WMxPVgT_E3vUJ4,
UMA PUI PUI,8evalpvuiI4smsBlSFqNErXlyGRqYWTEwtLXOUqSuU3YJo0,
sadsadawdwa,bbLwRlk0nEnGVevWrz4L5ilNvLIrjjmWiCBvAXFhiUv0,
Hang heir,jcGvdVpPAHcwRddyCrWPoznAEV3XY1nGcxcr7A77oDSD3O4hZDhVa_Jv,
Shadow Supreme,M5FQuU8CZE85nY6KOvgIw_7AWH2AlHUNyCoYHVuN0id4jJc,
Osadia,tmAt8GNp9qp2XAwHPM6_V12mWSVnpzO36C5WJ2_zl5YjmBI,
BRO Jeong Hoon,56tWFtJKK_Rqh_RAzXihy_0xeJLhsVvD_6jXMCPs108SW_M,
cute sy,24Ectsf5h3HcjbObm5fm_KWHvkqoDE-9rBCTkpbC5DmZlxw7pRx4OD0k,
호잇이,XXLfXT4XA52wVhMpXKsbn-YwYr0BBoblcxkRjPgR4zTC7Qc,
단군의청춘부재,3wqWSiLz2JsY_xMwOzxU2elpyB-1iRYPPGyElC6Oc25m,
Wafahaka,8SGeSH6vhCc21OJulTY6wj4RMV9ln4Yv0r_LnOGa7PQGEGE,
조세형마타,TW_SmXsq8pmPBD75eFdmVHqBPRyuVdb-PSrd8_FjHKs,
FA BBakPyo,nL43uWJ8qJTFD5qhqFGbhVhymB3kO0IT6bWNBduIVNonkDs,
가루눈 OwO,lmZU5dD4S2equ5mlW54thoP-pHZiQpEu2SdFbdUXKAAOqb4,
아라가키 유이,wg-4e2X8aGxH85JddmSpmyP54cgmTvcEXMzGYPStrDNV2X8,
언니우기,a9aErSEqpTxfjrjtQ9F2NvKWvSS2lDQ9d0GhCbGJf0iP,
HuYa YeQiuFeng,6YEAApUrkqovtWJRvMtPHQkAFEFGzjO7lexA25Hnpo_5oDK1utnA0vLW,
너무절실해,gxqO7ZGTixW92J5ZbpnZDksM1_yLqVwqsUVjjqLx6azMcuk,
Kim Sang Hoon,vGeeWuqwpEFIR_D2KATjRbTSTTiliek8e4I9ndV-cSzQsvM,
구마유시S2,X2_km00JoT84IVhe1zBMWamf8rdf6Ab6g-7WjC6AEM0jwKkXA1mnDE-o,
caVik,onIkTzTvsCymWQJzAvRwIL2VNSHymze3KukRauAtMP-e7GlMidpBiXja,
에르피디,ch63qjGAvDU1vfVdkqQDT1ADikibFYtLRuUyqF5qSN8153k,
BRO Jin0,c2YCj0YpktODXzuhJuYC3mlicljBAAKHxC2oIGgmGhPSTlmyp5cXVj9u,
몰 도,0p7h9gRa6qcO7o6yNHxZh-elNOS37OcBuT2CSD-v6wjhFwBI89cwh2Mj,
xue yue feng hua,wLQXkdZYVtAx7w_D06NwDk8DuNXLF-6PQ3IdMQ0Trk9IcU3GjyJ48NHV,
살퀸레,39IDdOr2Yu7olI-OJJAJgcB27kbsHEbGkmNwf8UZKk7RmbwiBigPDL1n,
liiiiliiiiiill,HSV6jdl_WTl-k8VVx7lpX5IPpBqjVXlu_JisU4RFAaSF6x0,
하루 물 한 통,4tmbYgaKr6YNq5eysOxxjjqhh-hf67l--Jb1K_M2dRVH9NvWp1PDTB6H,
d1 my home,NjQEBSvkiOtH_sMJV1uxrk2Xlvyjd_NIT_r0P3_FcUC_Goog4lxsi9Mk,
ACxiaohao,Rx4_gJrqrll3u84wljC0oBz878uiE_FAEEB1rRG-o881xkVdnR2Axe63,
elole,S_0ESBCEgUZK4JXjlCtThPIed7Vs6XOZswX5NVtYhdPT,
기포기포기포기포,GkUvSr6GtGy6FO7wEB8vjkO-Z5sC_PM4XmJkqSTKR1iFs5cLZjk3L9Lv,
black linyue,kD1YdUecohRniDHzXdWgXzRlxbIghjBnTOVItC6bQ7BAvkxmR0Nd0-3K,
InLuv LilliaLulu,6lht_Ud7zDgNkKmVyPWxx8s8dz-Nk7HhqQjO3Ux95JTV9V-AXnjbXX8g,
